event_id,return_id,event_type,user_id,timestamp
4e2d91cbce4d,RET-01861,FLAGGED,USR-010,2024-12-14
2669f774e4dc,RET-01861,FLAGGED,USR-021,2024-06-22
ca5a35f79039,RET-01861,APPROVED,USR-018,2024-01-12
fa49fb86309a,RET-00354,CREATED,USR-017,2024-11-21
34c4b21c37e3,RET-00354,FLAGGED,USR-023,2024-09-01
a471acd59e7a,RET-00354,FLAGGED,USR-018,2024-09-11
e357d50f9ef0,RET-01978,CREATED,USR-016,2024-01-08
85854c092c18,RET-00906,UPDATED,USR-012,2024-03-14
3417748d522e,RET-00906,REVIEWED,USR-020,2024-04-24
8ce88fbac8ba,RET-00906,FLAGGED,USR-020,2024-03-22
a2f6433a2cb2,RET-01290,REVIEWED,USR-018,2024-07-06
a6a96457fb1d,RET-01290,REVIEWED,USR-016,2024-08-17
846ad32dadec,RET-01290,CREATED,USR-018,2024-10-18
8a0215a4ee14,RET-01274,APPROVED,USR-012,2024-03-30
67222e2103c0,RET-01274,FLAGGED,USR-022,2024-06-16
1561c7ef4427,RET-01274,APPROVED,USR-019,2024-10-31
e5de2731693a,RET-00939,FLAGGED,USR-019,2024-12-15
25e93cdec247,RET-00939,APPROVED,USR-023,2024-11-07
24c73caefa0e,RET-00939,UPDATED,USR-024,2024-01-09
64e3f9f289f2,RET-01732,APPROVED,USR-021,2024-06-18
7e787913640b,RET-00066,APPROVED,USR-016,2024-04-27
0af55eefc761,RET-00066,REVIEWED,USR-018,2024-11-02
b9e5434067df,RET-00066,REVIEWED,USR-024,2024-05-29
cfef89b454fd,RET-01324,APPROVED,USR-018,2024-06-21
30d2f39995b3,RET-01324,CREATED,USR-014,2024-10-10
870d41a7be2f,RET-01324,APPROVED,USR-018,2024-06-26
313331b05f7d,RET-00057,FLAGGED,USR-011,2024-01-19
54d244a1c99d,RET-00057,UPDATED,USR-024,2024-07-01
442b1cdc3b2a,RET-01293,FLAGGED,USR-013,2024-07-24
2ce078a066ab,RET-01293,UPDATED,USR-010,2024-10-03
31830f9f2743,RET-01293,FLAGGED,USR-022,2024-11-11
b3d980db1829,RET-01119,FLAGGED,USR-017,2024-11-10
c5f8c7bd9476,RET-00585,APPROVED,USR-012,2024-09-29
0a07b650773b,RET-00585,FLAGGED,USR-018,2024-11-15
11da73d58ce7,RET-00585,UPDATED,USR-023,2024-09-11
04b35fae7522,RET-00375,UPDATED,USR-017,2024-06-12
d2f40d4eb0e5,RET-00276,APPROVED,USR-015,2024-01-20
bf52f711e22a,RET-00276,FLAGGED,USR-020,2024-12-14
6d2f061a171f,RET-00276,UPDATED,USR-015,2024-04-05
a77af4fd1376,RET-00747,CREATED,USR-020,2024-12-22
0dc08655e35f,RET-00129,APPROVED,USR-015,2024-07-18
92e2fdcf05a3,RET-00129,CREATED,USR-010,2024-12-17
2c742f612f28,RET-01647,APPROVED,USR-012,2024-03-04
d92c9a5216f7,RET-01647,REVIEWED,USR-014,2024-06-24
585d8a862d20,RET-01647,FLAGGED,USR-017,2024-04-03
656e5bb86611,RET-01853,REVIEWED,USR-023,2024-07-20
9c28a58d6727,RET-01853,UPDATED,USR-020,2024-11-09
6185bc84ac08,RET-01853,APPROVED,USR-023,2024-03-09
0fd1138b977e,RET-00675,UPDATED,USR-023,2024-07-19
ea2d5b59c332,RET-00675,APPROVED,USR-024,2024-04-09
070b1e95d89e,RET-01665,REVIEWED,USR-011,2024-06-23
6d2edcafca31,RET-01982,UPDATED,USR-018,2024-12-14
d1b995ce8997,RET-01982,FLAGGED,USR-012,2024-06-21
3a73ef18e5d9,RET-01982,APPROVED,USR-012,2024-06-24
a7811591b349,RET-01084,UPDATED,USR-015,2024-10-28
c7905528f0ed,RET-01084,REVIEWED,USR-011,2024-09-28
08193de3edbd,RET-01923,FLAGGED,USR-015,2024-09-15
7b0ca4b75b79,RET-00100,FLAGGED,USR-018,2024-01-14
b7302fac02bf,RET-00100,APPROVED,USR-015,2024-05-14
a78044327d70,RET-01180,FLAGGED,USR-022,2024-11-08
35421206c911,RET-00965,UPDATED,USR-010,2024-05-27
8c5ada3d44af,RET-00965,APPROVED,USR-011,2024-04-09
3e52f563682f,RET-00965,APPROVED,USR-011,2024-12-11
8c1b48865ae0,RET-00793,UPDATED,USR-010,2024-09-03
48885df2cbb5,RET-00574,REVIEWED,USR-019,2024-09-24
224e6b70ebac,RET-00629,CREATED,USR-023,2024-05-17
94468f358022,RET-00945,CREATED,USR-015,2024-04-17
5f0b24f6abbc,RET-00945,REVIEWED,USR-023,2024-05-30
f5cf1e745303,RET-00573,UPDATED,USR-015,2024-04-13
543f562622eb,RET-00573,FLAGGED,USR-017,2024-11-13
80d6ed38dc29,RET-00908,FLAGGED,USR-017,2024-09-25
fb1ccc5c0dda,RET-00908,APPROVED,USR-014,2024-06-11
d08d54f8222f,RET-00908,CREATED,USR-014,2024-03-17
a8b3327bb8a4,RET-01081,UPDATED,USR-017,2024-01-19
5ef8606f628c,RET-00451,CREATED,USR-021,2024-11-11
7bd8d6677796,RET-00451,APPROVED,USR-010,2024-10-29
f03fd7e86f1e,RET-01610,CREATED,USR-014,2024-03-08
d017c67e6753,RET-01610,APPROVED,USR-018,2024-07-03
3e4c0dce9472,RET-01610,REVIEWED,USR-016,2024-10-12
092e8c43f7ca,RET-01291,APPROVED,USR-022,2024-03-11
370478e4ca58,RET-01079,REVIEWED,USR-023,2024-08-01
d91675061517,RET-01079,FLAGGED,USR-018,2024-10-25
bc0633e2ec23,RET-00255,UPDATED,USR-012,2024-05-23
c01da98127f8,RET-00255,APPROVED,USR-015,2024-09-09
8bf0db10461e,RET-00125,REVIEWED,USR-021,2024-12-08
552fff68d77f,RET-00125,REVIEWED,USR-022,2024-10-28
b8f6f3cbf1d2,RET-00125,APPROVED,USR-014,2024-06-11
5f8ee6f8997e,RET-01928,APPROVED,USR-024,2024-09-14
37a5e7de2c7f,RET-00252,FLAGGED,USR-015,2024-02-12
079d97344ab6,RET-00586,CREATED,USR-024,2024-03-10
0bc77a220a66,RET-01569,REVIEWED,USR-015,2024-01-22
265ecf69c56c,RET-00825,UPDATED,USR-011,2024-04-27
d97b1a0927c8,RET-00825,CREATED,USR-022,2024-05-01
0109ac6af52e,RET-00825,CREATED,USR-013,2024-06-15
414a76ebb1e0,RET-00508,CREATED,USR-018,2024-06-14
2c187175efd4,RET-00890,APPROVED,USR-021,2024-11-20
be65ea6df17e,RET-00071,REVIEWED,USR-014,2024-12-15
205f68cb138f,RET-01609,FLAGGED,USR-019,2024-09-25
9918b31f87e2,RET-01609,FLAGGED,USR-012,2024-11-13
37da94fddd5c,RET-01609,UPDATED,USR-016,2024-09-12
a705fa062fe7,RET-01533,REVIEWED,USR-020,2024-11-22
088e1ded8a2e,RET-01533,CREATED,USR-012,2024-07-30
fd55be688d5e,RET-00248,UPDATED,USR-024,2024-09-20
f0228c8b9e8e,RET-00248,CREATED,USR-018,2024-07-07
b548bbd28ff0,RET-01451,CREATED,USR-021,2024-03-29
7c1eb08d9841,RET-00213,UPDATED,USR-013,2024-04-07
4ffc1e6fc5e6,RET-00910,CREATED,USR-020,2024-03-14
48175b0a3f7a,RET-00910,CREATED,USR-016,2024-06-05
41f2117b0b17,RET-00910,APPROVED,USR-013,2024-01-05
6a030ef32997,RET-01742,UPDATED,USR-021,2024-05-14
4af45f46c1b0,RET-01742,CREATED,USR-018,2024-10-10
f43a066301bb,RET-01245,CREATED,USR-020,2024-08-29
b5c638c19854,RET-01697,REVIEWED,USR-017,2024-03-31
1b47fb4fa030,RET-01697,REVIEWED,USR-018,2024-08-25
bcad3568d1c4,RET-01183,FLAGGED,USR-012,2024-05-16
cfc6e78122d5,RET-01183,REVIEWED,USR-012,2024-10-19
04f9b904a759,RET-01183,FLAGGED,USR-016,2024-11-12
750646f71382,RET-00362,CREATED,USR-016,2024-10-10
973413652597,RET-00362,UPDATED,USR-021,2024-01-28
beeddbf89fac,RET-00362,FLAGGED,USR-012,2024-08-13
1016eddfa503,RET-01474,UPDATED,USR-017,2024-08-22
285d8b5c1112,RET-00679,APPROVED,USR-012,2024-04-21
6dcd80e074f7,RET-00679,UPDATED,USR-012,2024-01-15
82b626860ebe,RET-00679,APPROVED,USR-013,2024-10-22
2e16ffacf500,RET-01622,CREATED,USR-021,2024-07-29
547c36915359,RET-01622,APPROVED,USR-011,2024-08-06
cd858f748157,RET-01622,APPROVED,USR-018,2024-11-23
ec48cb78e157,RET-01090,REVIEWED,USR-020,2024-05-01
d623cde69071,RET-01988,APPROVED,USR-023,2024-12-25
dda5d6749570,RET-01988,APPROVED,USR-014,2024-10-03
2f28b3c3493c,RET-01848,FLAGGED,USR-021,2024-08-01
f76d78127b39,RET-01848,FLAGGED,USR-014,2024-09-09
ebe5938e31e8,RET-00988,REVIEWED,USR-023,2024-01-11
6b22856b59b4,RET-01513,FLAGGED,USR-019,2024-10-22
8b9c4ce3096b,RET-01513,FLAGGED,USR-019,2024-02-29
383a36ad47eb,RET-00112,APPROVED,USR-012,2024-08-12
b1845c1578b1,RET-00112,CREATED,USR-015,2024-08-13
f2a21dca3e5b,RET-00112,APPROVED,USR-017,2024-05-06
b3556392c61c,RET-01488,UPDATED,USR-017,2024-09-11
62d3b2d36d2f,RET-01488,REVIEWED,USR-012,2024-12-28
f8b93dc4b73f,RET-01488,APPROVED,USR-013,2024-10-23
1ae254e1162d,RET-01454,CREATED,USR-012,2024-03-17
451e48a7604e,RET-00384,CREATED,USR-018,2024-07-22
1839aa1f9e78,RET-00384,CREATED,USR-014,2024-04-06
806a249bcea8,RET-01396,FLAGGED,USR-018,2024-09-07
b2c3fefb23de,RET-01396,APPROVED,USR-017,2024-09-14
57059e097099,RET-01396,REVIEWED,USR-020,2024-06-27
10a4d29f5313,RET-01055,APPROVED,USR-016,2024-07-01
82b298716c7f,RET-01055,CREATED,USR-013,2024-02-01
d83618fd4bbc,RET-01055,REVIEWED,USR-013,2024-01-09
a4718668da1f,RET-00756,APPROVED,USR-023,2024-11-26
53f59d25433b,RET-00756,FLAGGED,USR-011,2024-10-20
10ad85e42a4c,RET-00325,APPROVED,USR-024,2024-03-24
a37cc8387a23,RET-00325,UPDATED,USR-020,2024-02-17
09abf7d901e3,RET-01624,APPROVED,USR-021,2024-03-26
be9801e3758c,RET-01624,CREATED,USR-014,2024-06-27
11b9551b80f7,RET-01624,APPROVED,USR-013,2024-04-11
1ffbcfb6663d,RET-00788,CREATED,USR-019,2024-11-09
d32ab136c28b,RET-00369,APPROVED,USR-017,2024-08-28
34ac0a6c690b,RET-00369,CREATED,USR-012,2024-02-17
333cd29d08a9,RET-01820,UPDATED,USR-011,2024-01-25
aea58f52676a,RET-01820,FLAGGED,USR-016,2024-04-16
3a1a4cf9d5f9,RET-00070,CREATED,USR-019,2024-12-04
44237706aafd,RET-00070,CREATED,USR-016,2024-12-10
5050f5014708,RET-00858,UPDATED,USR-010,2024-02-23
d7ce491cdee9,RET-00858,CREATED,USR-017,2024-03-02
fe747c3fce1d,RET-01484,APPROVED,USR-022,2024-06-24
a6e85ddba39d,RET-01556,APPROVED,USR-021,2024-05-07
c541f02aca58,RET-01556,APPROVED,USR-013,2024-04-19
6da06d90e58e,RET-01692,APPROVED,USR-010,2024-07-13
91b45e38bc9f,RET-01692,REVIEWED,USR-022,2024-12-04
37e9c6f1f2b0,RET-01475,REVIEWED,USR-012,2024-02-23
a38ec035b563,RET-01475,CREATED,USR-022,2024-02-21
02317a2b22bd,RET-01475,APPROVED,USR-012,2024-10-12
3c9f8e8250d1,RET-01799,REVIEWED,USR-012,2024-01-05
2a3b48877d5a,RET-01799,FLAGGED,USR-012,2024-03-17
36a54ebb4230,RET-00479,REVIEWED,USR-015,2024-10-29
27131280b155,RET-00282,CREATED,USR-022,2024-07-13
15c9874ea120,RET-00282,UPDATED,USR-021,2024-12-01
1f2e0d8fe77c,RET-00282,REVIEWED,USR-012,2024-12-07
8ac71a240909,RET-01648,CREATED,USR-022,2024-10-25
b1646cb901b6,RET-01648,FLAGGED,USR-011,2024-02-19
b7943ce1af61,RET-01648,FLAGGED,USR-024,2024-03-13
d0d04a4b6861,RET-01557,REVIEWED,USR-016,2024-10-08
4edab1663929,RET-01557,UPDATED,USR-013,2024-06-06
3df152e26911,RET-01730,UPDATED,USR-010,2024-05-12
8293d0ad90d2,RET-00211,FLAGGED,USR-011,2024-09-03
18757521869e,RET-00298,UPDATED,USR-018,2024-11-10
8c952e0ad815,RET-00298,UPDATED,USR-019,2024-09-10
38cccb0efc32,RET-01885,CREATED,USR-016,2024-02-01
da49cf05e248,RET-01885,CREATED,USR-016,2024-08-06
32cdfafc9c6e,RET-01885,REVIEWED,USR-018,2024-04-26
9bd8c181fb22,RET-01834,REVIEWED,USR-023,2024-02-24
a8ef2465364a,RET-01834,CREATED,USR-013,2024-03-22
b30112472261,RET-01834,REVIEWED,USR-010,2024-12-25
9f99e9f19d4c,RET-00652,APPROVED,USR-015,2024-01-31
d8134776676a,RET-01234,FLAGGED,USR-015,2024-09-11
e589c5f72a98,RET-01234,REVIEWED,USR-019,2024-08-04
a63e4167689e,RET-01503,REVIEWED,USR-015,2024-07-08
c79cc12b988d,RET-01932,UPDATED,USR-014,2024-08-05
0f436e75efb0,RET-01932,UPDATED,USR-023,2024-09-02
111c3920536a,RET-00917,CREATED,USR-010,2024-08-24
651451ed8d87,RET-00917,CREATED,USR-022,2024-10-11
a9d988ad1fb0,RET-00994,CREATED,USR-022,2024-03-03
296415a870d7,RET-00994,CREATED,USR-017,2024-07-30
90f7cd149e59,RET-00994,CREATED,USR-017,2024-07-23
59693b4dfb98,RET-00430,APPROVED,USR-010,2024-08-04
502474dcdb88,RET-01371,REVIEWED,USR-017,2024-02-19
996b1e737f59,RET-01371,CREATED,USR-023,2024-02-24
b2b073b3f887,RET-01371,CREATED,USR-017,2024-02-25
f62225235690,RET-00240,FLAGGED,USR-017,2024-04-10
3b78b15bcd48,RET-00880,UPDATED,USR-015,2024-05-06
fc9652d0be11,RET-00621,REVIEWED,USR-015,2024-01-25
16d1d610ad30,RET-00257,UPDATED,USR-022,2024-05-21
b0941fb9a505,RET-00257,UPDATED,USR-010,2024-07-24
9c657309924a,RET-00257,UPDATED,USR-015,2024-01-09
5128c7c0f037,RET-00612,FLAGGED,USR-016,2024-09-27
57357aa5adb2,RET-00612,REVIEWED,USR-017,2024-12-26
b425cced330b,RET-00612,APPROVED,USR-010,2024-01-16
68e4661ac794,RET-00545,UPDATED,USR-019,2024-04-11
6f57540ed21a,RET-00545,FLAGGED,USR-024,2024-07-25
379d80f7c3e4,RET-00772,FLAGGED,USR-023,2024-08-11
9d756e1d687a,RET-00772,APPROVED,USR-011,2024-03-17
e6d447c5f66b,RET-01420,FLAGGED,USR-010,2024-05-03
af63e3ae68ff,RET-01420,REVIEWED,USR-016,2024-01-17
ece11742ce68,RET-01420,REVIEWED,USR-015,2024-07-31
ba8a19e8a456,RET-01042,CREATED,USR-022,2024-10-28
bf9c2c5e3d3d,RET-01042,APPROVED,USR-017,2024-02-29
b3b3c65a470e,RET-01042,REVIEWED,USR-010,2024-12-07
329e75270751,RET-01790,UPDATED,USR-018,2024-12-01
a11ac646341e,RET-00760,APPROVED,USR-022,2024-02-04
dd1ab58ed3e8,RET-00760,REVIEWED,USR-019,2024-12-24
743c703f2925,RET-00760,CREATED,USR-015,2024-01-02
d66f843016dc,RET-00383,APPROVED,USR-018,2024-01-22
c06439b28d6c,RET-01104,APPROVED,USR-023,2024-10-28
620518726617,RET-00974,APPROVED,USR-017,2024-07-21
e93b5d014fa1,RET-00974,CREATED,USR-013,2024-11-23
000a7f64e612,RET-00353,CREATED,USR-023,2024-10-29
44e288a39470,RET-00353,APPROVED,USR-021,2024-07-31
cb027c4a8611,RET-01606,FLAGGED,USR-011,2024-02-22
b5e66378c201,RET-01606,REVIEWED,USR-010,2024-03-17
cd7599e8cb11,RET-01826,UPDATED,USR-013,2024-09-02
d9711adb624b,RET-01826,FLAGGED,USR-012,2024-03-30
632db19ec928,RET-01037,APPROVED,USR-019,2024-12-18
f6e02788f055,RET-01108,CREATED,USR-019,2024-10-25
24b14285b143,RET-01108,CREATED,USR-021,2024-08-16
11d519874373,RET-00495,UPDATED,USR-010,2024-03-25
89185fbd5e79,RET-00495,APPROVED,USR-017,2024-04-19
198be6e1767b,RET-00394,FLAGGED,USR-010,2024-03-28
617cadb44ce4,RET-00394,CREATED,USR-020,2024-03-22
ede96e15a812,RET-00394,CREATED,USR-023,2024-12-04
5ab1bb7f5410,RET-01547,APPROVED,USR-019,2024-02-12
3d95c0403027,RET-01547,APPROVED,USR-017,2024-09-19
2c7db87a039c,RET-01547,CREATED,USR-017,2024-03-16
99d2a02163e8,RET-00465,APPROVED,USR-014,2024-10-02
57a210db4f53,RET-00887,CREATED,USR-018,2024-09-17
2defc16f1fcb,RET-00887,REVIEWED,USR-018,2024-07-23
e89520e3a068,RET-00887,CREATED,USR-017,2024-03-11
b311efe57af3,RET-01194,UPDATED,USR-019,2024-09-24
9181b562da4a,RET-01194,REVIEWED,USR-017,2024-08-13
f1326c64d69a,RET-00367,CREATED,USR-014,2024-10-03
c7533355a00c,RET-01894,REVIEWED,USR-017,2024-01-24
9bb953527098,RET-01894,UPDATED,USR-023,2024-12-07
0d729879cf18,RET-01894,CREATED,USR-014,2024-04-06
7d81fe471389,RET-01874,CREATED,USR-024,2024-07-25
c9afddc9c7fd,RET-01874,FLAGGED,USR-020,2024-03-21
2b02d7ec03d4,RET-01874,UPDATED,USR-019,2024-10-29
25aa142e5e37,RET-00745,APPROVED,USR-012,2024-08-04
bb6e557b9a3c,RET-00745,FLAGGED,USR-019,2024-08-25
10b8551ff9ba,RET-00745,FLAGGED,USR-020,2024-12-09
36c79b3c870e,RET-00530,APPROVED,USR-015,2024-01-26
2709af50fb46,RET-00530,REVIEWED,USR-024,2024-04-27
bcda34f8c7b5,RET-00530,FLAGGED,USR-011,2024-02-15
4ab122ebbd81,RET-00803,APPROVED,USR-020,2024-08-06
4b596c406e06,RET-00803,REVIEWED,USR-020,2024-05-07
8024f1ca1049,RET-01224,REVIEWED,USR-021,2024-10-10
954386850110,RET-01224,FLAGGED,USR-019,2024-07-12
0cfb0fdcab61,RET-01224,FLAGGED,USR-012,2024-12-03
7570002a62c5,RET-01979,APPROVED,USR-024,2024-11-23
edb3cd3f1203,RET-01979,REVIEWED,USR-023,2024-08-03
4d39c932aeaf,RET-01906,UPDATED,USR-021,2024-07-11
a3345ccd86a6,RET-01906,FLAGGED,USR-010,2024-05-15
c81358ac1038,RET-01906,REVIEWED,USR-012,2024-05-16
6389f0b6cc28,RET-01700,APPROVED,USR-015,2024-08-15
7b53dfe84c96,RET-01545,REVIEWED,USR-019,2024-07-16
869837ea449d,RET-01314,APPROVED,USR-018,2024-11-18
aca0bdfff6a8,RET-00307,APPROVED,USR-022,2024-01-01
e948c108dcd0,RET-01667,APPROVED,USR-021,2024-05-16
5c120b02f2f2,RET-00863,FLAGGED,USR-012,2024-04-26
9bd267029b9b,RET-00863,UPDATED,USR-022,2024-05-12
343d9cbaaa97,RET-00863,APPROVED,USR-011,2024-09-26
08d7d7ed3992,RET-00694,CREATED,USR-011,2024-01-12
822e55603d25,RET-00694,CREATED,USR-019,2024-06-02
954b7a496077,RET-00531,APPROVED,USR-020,2024-05-07
622bae359b56,RET-00531,UPDATED,USR-021,2024-03-24
8934430b10b7,RET-00531,UPDATED,USR-017,2024-07-27
672c45d968f3,RET-00655,REVIEWED,USR-012,2024-07-27
6a6dba9dbe2b,RET-00655,REVIEWED,USR-015,2024-05-07
fe53f446c249,RET-00655,FLAGGED,USR-015,2024-10-11
18e8e16fb43f,RET-01260,REVIEWED,USR-024,2024-01-12
dfb1ef9912bd,RET-01260,FLAGGED,USR-012,2024-05-22
5021eb75b4d4,RET-01260,CREATED,USR-016,2024-05-14
b9424bb57511,RET-00234,UPDATED,USR-021,2024-11-28
05c0a98bb3ec,RET-00234,APPROVED,USR-016,2024-05-28
2a9ed8f6ae75,RET-00121,FLAGGED,USR-024,2024-02-02
2fb131ad371b,RET-00121,UPDATED,USR-021,2024-02-03
4870e6ec87ae,RET-01698,APPROVED,USR-020,2024-10-31
f20e7a9a89d8,RET-01698,CREATED,USR-023,2024-01-22
5bb6dc61d633,RET-00950,UPDATED,USR-011,2024-08-24
10c70c00517e,RET-00950,REVIEWED,USR-016,2024-05-19
5bf77790fb1d,RET-00618,REVIEWED,USR-019,2024-02-23
4cfd70398e78,RET-00618,FLAGGED,USR-014,2024-04-04
92215d6b8431,RET-00618,APPROVED,USR-019,2024-10-06
20ea65dadc47,RET-01179,FLAGGED,USR-021,2024-12-23
c0b9fa2e00d7,RET-00308,APPROVED,USR-016,2024-10-08
bac25e2b9101,RET-00308,CREATED,USR-015,2024-10-17
863e56a3707e,RET-00308,REVIEWED,USR-022,2024-06-23
b10e6949059f,RET-00136,APPROVED,USR-012,2024-01-26
d1789dc49f88,RET-00136,CREATED,USR-023,2024-11-02
2aeb3cf01cec,RET-00136,REVIEWED,USR-013,2024-12-17
e2891484da7a,RET-00555,CREATED,USR-015,2024-07-14
03a0218f13a3,RET-00555,CREATED,USR-016,2024-02-28
5858cbb70764,RET-00555,UPDATED,USR-023,2024-12-15
2e0f6bff4e45,RET-01674,APPROVED,USR-022,2024-10-02
90a03a0c628b,RET-01674,REVIEWED,USR-013,2024-07-21
d793e9024ec5,RET-01674,UPDATED,USR-011,2024-07-29
a56177dee618,RET-00584,REVIEWED,USR-019,2024-10-23
c1b3e14dd3e1,RET-00584,CREATED,USR-010,2024-01-29
8f0251921504,RET-00584,APPROVED,USR-014,2024-01-13
a17ea15ac4e7,RET-01641,APPROVED,USR-014,2024-06-01
d9b9c1091cb5,RET-00671,FLAGGED,USR-016,2024-01-25
e53d5287930d,RET-00835,APPROVED,USR-019,2024-05-20
9b4d66e8ce88,RET-00835,FLAGGED,USR-010,2024-08-10
3659bd0a053e,RET-00835,REVIEWED,USR-012,2024-06-16
2d1705aa328f,RET-00283,REVIEWED,USR-017,2024-06-08
126bf3713e77,RET-01165,CREATED,USR-019,2024-06-23
8be5914e5ac5,RET-01165,REVIEWED,USR-022,2024-08-18
3a8ca3691278,RET-01960,APPROVED,USR-022,2024-04-23
6bc11ff4e1c9,RET-01960,UPDATED,USR-013,2024-11-07
6667a3075e46,RET-01465,FLAGGED,USR-022,2024-05-12
1859a1cd8bb3,RET-01465,UPDATED,USR-022,2024-03-07
829063ec9759,RET-01700,CREATED,USR-011,2024-06-21
6291b1ec557e,RET-01700,APPROVED,USR-019,2024-07-22
cd033c97d019,RET-01243,CREATED,USR-021,2024-04-27
2c73a960fbc1,RET-01243,UPDATED,USR-011,2024-12-11
b3150b46e6ca,RET-00212,FLAGGED,USR-016,2024-03-18
ab7a72a7d6ae,RET-01768,REVIEWED,USR-016,2024-12-21
40970bdd8e2e,RET-01768,APPROVED,USR-011,2024-03-09
45a9d6d40a3f,RET-01121,UPDATED,USR-014,2024-01-15
97c901137c98,RET-01121,CREATED,USR-015,2024-12-29
b4f55d34a0b9,RET-00680,APPROVED,USR-020,2024-05-08
c19d0affbf7c,RET-00680,CREATED,USR-022,2024-07-17
c5be4c52e82f,RET-00680,FLAGGED,USR-019,2024-10-01
9a419edfdde2,RET-01951,FLAGGED,USR-018,2024-07-21
44c50ab05015,RET-01951,CREATED,USR-012,2024-03-06
c18307c11572,RET-01951,REVIEWED,USR-017,2024-10-22
7308ba41942d,RET-01839,FLAGGED,USR-022,2024-05-19
60bf6ffb6321,RET-00412,FLAGGED,USR-011,2024-03-25
8f1de98d46d7,RET-00412,UPDATED,USR-010,2024-03-16
07af083fcb76,RET-01325,FLAGGED,USR-015,2024-09-27
8753347583d7,RET-00783,APPROVED,USR-021,2024-08-08
8c02b215ced3,RET-01346,APPROVED,USR-015,2024-09-29
ce670c9dd468,RET-01346,REVIEWED,USR-018,2024-11-21
4ad039299556,RET-00875,APPROVED,USR-021,2024-06-07
99010071876a,RET-01653,REVIEWED,USR-015,2024-09-14
a0d47cf146ce,RET-01279,FLAGGED,USR-014,2024-01-25
4fc5d5d2d11c,RET-01279,REVIEWED,USR-020,2024-06-05
eb1ce5f67c3b,RET-00786,UPDATED,USR-023,2024-06-22
7d0000e67eeb,RET-00786,UPDATED,USR-012,2024-02-09
a03d6a5675d4,RET-01819,APPROVED,USR-019,2024-08-17
918bb0ec8458,RET-01819,APPROVED,USR-021,2024-09-08
c3136f598494,RET-01819,FLAGGED,USR-022,2024-02-13
ac5d8916df24,RET-00731,UPDATED,USR-017,2024-05-04
9d8b213e7a55,RET-00808,APPROVED,USR-018,2024-01-16
fe710b5e9147,RET-00713,CREATED,USR-024,2024-12-16
1b96cd43ba33,RET-00713,CREATED,USR-020,2024-08-31
97561504c342,RET-01991,CREATED,USR-019,2024-02-01
d0e3356c99d3,RET-01991,CREATED,USR-014,2024-07-17
2b735caaea79,RET-01991,UPDATED,USR-010,2024-06-17
b1067ccb00c1,RET-01660,UPDATED,USR-015,2024-11-07
337781238f7c,RET-01660,UPDATED,USR-014,2024-10-06
220f62f92ed4,RET-01191,UPDATED,USR-024,2024-04-27
6d054e9ad73c,RET-01191,CREATED,USR-018,2024-06-05
03178ba9aa01,RET-01191,FLAGGED,USR-017,2024-02-05
ae500883d131,RET-01226,CREATED,USR-023,2024-09-15
f260fc1858df,RET-01226,UPDATED,USR-014,2024-08-05
1737228156da,RET-00603,REVIEWED,USR-014,2024-05-10
6b5d8bb5e512,RET-00603,APPROVED,USR-013,2024-05-14
a3fbbf83685a,RET-00271,FLAGGED,USR-019,2024-07-04
d30b699924cd,RET-00271,APPROVED,USR-011,2024-11-13
73fda5ef791d,RET-00271,REVIEWED,USR-013,2024-01-08
736470838aa4,RET-01385,APPROVED,USR-017,2024-11-01
8597e1f78fb0,RET-01385,REVIEWED,USR-023,2024-09-14
30adc82fe355,RET-01385,APPROVED,USR-019,2024-10-02
86c96956367f,RET-00232,APPROVED,USR-018,2024-08-05
269760f0105a,RET-00232,APPROVED,USR-010,2024-03-20
2e4e17b3f12b,RET-00232,REVIEWED,USR-017,2024-06-05
541efb19bac3,RET-00050,FLAGGED,USR-011,2024-12-25
ef770c55d685,RET-00050,UPDATED,USR-014,2024-05-20
26db6e94f2b3,RET-00050,CREATED,USR-023,2024-07-11
c511b3286cc0,RET-00463,FLAGGED,USR-021,2024-11-02
46b4f7340911,RET-00463,UPDATED,USR-024,2024-05-09
407b7388ab1f,RET-00463,UPDATED,USR-019,2024-04-14
497e7d01d897,RET-01106,UPDATED,USR-019,2024-03-24
de149b07c030,RET-01106,CREATED,USR-020,2024-02-22
c8ed4759822b,RET-00856,FLAGGED,USR-024,2024-10-08
7a94568a8137,RET-00856,APPROVED,USR-013,2024-03-21
ac593d645cd5,RET-00856,APPROVED,USR-024,2024-03-29
e4ac41b42ae4,RET-00694,UPDATED,USR-012,2024-12-30
15a34f2a2633,RET-01552,CREATED,USR-010,2024-03-03
5267047839ad,RET-01873,CREATED,USR-010,2024-04-27
2fb326b15986,RET-00527,FLAGGED,USR-016,2024-12-20
54f0bc65cf89,RET-00174,CREATED,USR-018,2024-02-28
af818f94e0a8,RET-00174,APPROVED,USR-024,2024-11-19
311d7cf95499,RET-00721,CREATED,USR-010,2024-09-03
bc0866a98275,RET-00721,REVIEWED,USR-013,2024-10-07
a10f808b5ba7,RET-00721,CREATED,USR-014,2024-07-09
4da672bb76b8,RET-00415,REVIEWED,USR-024,2024-04-30
289bb709cd97,RET-00238,CREATED,USR-019,2024-11-28
9d3e27357773,RET-00238,FLAGGED,USR-014,2024-09-18
33a33690252c,RET-00193,UPDATED,USR-015,2024-10-08
95962209321a,RET-00193,APPROVED,USR-015,2024-06-07
c3a28e30376d,RET-01336,UPDATED,USR-021,2024-02-20
f52ea2f32c05,RET-01336,FLAGGED,USR-024,2024-01-09
d8c9670295a4,RET-01336,REVIEWED,USR-015,2024-04-03
fcbc06a518b3,RET-01064,CREATED,USR-015,2024-10-28
00e49caf87ec,RET-01064,CREATED,USR-016,2024-01-11
ecab8fde1d1c,RET-01064,FLAGGED,USR-016,2024-08-09
331e8f2dd199,RET-00024,FLAGGED,USR-024,2024-02-17
2e19e2dd7af4,RET-00024,CREATED,USR-021,2024-07-08
0f4dfec41b5d,RET-01767,UPDATED,USR-014,2024-12-26
97e22dd7fd76,RET-00064,CREATED,USR-016,2024-08-16
96220122b0a3,RET-00290,APPROVED,USR-017,2024-10-29
376cd6360c8b,RET-00290,CREATED,USR-015,2024-01-22
930d74a8a99b,RET-00290,FLAGGED,USR-016,2024-10-14
596fbf9584cf,RET-00189,UPDATED,USR-016,2024-04-13
d70f46e18899,RET-00189,APPROVED,USR-019,2024-09-30
51db233c0b49,RET-00189,APPROVED,USR-017,2024-07-26
97ec6f37f093,RET-00632,FLAGGED,USR-018,2024-09-27
e5e4fc3f7e71,RET-01815,APPROVED,USR-011,2024-09-23
6968170de4b5,RET-01815,FLAGGED,USR-022,2024-08-29
fd2739c5f66f,RET-01815,CREATED,USR-015,2024-11-10
fcfb561cf31f,RET-01138,FLAGGED,USR-023,2024-08-07
0f2415f99386,RET-01138,FLAGGED,USR-010,2024-02-09
6dfd253fe144,RET-01138,UPDATED,USR-010,2024-12-20
00f5eaf9f3c0,RET-00355,REVIEWED,USR-017,2024-03-08
80e71d781340,RET-00417,UPDATED,USR-016,2024-09-24
e7ab34f624dc,RET-00417,CREATED,USR-018,2024-01-08
0b2327887947,RET-00417,APPROVED,USR-015,2024-01-03
5069859f2257,RET-01246,REVIEWED,USR-015,2024-02-07
cea139cb026f,RET-00931,CREATED,USR-017,2024-06-09
02fd40c178b5,RET-00931,CREATED,USR-020,2024-09-06
7525fb8a358d,RET-00931,FLAGGED,USR-019,2024-03-11
a6ee705bf647,RET-00197,APPROVED,USR-012,2024-02-08
da56efb6d023,RET-00580,APPROVED,USR-016,2024-02-17
a1fb8730c434,RET-00580,UPDATED,USR-012,2024-03-11
cfdf8665232b,RET-01135,REVIEWED,USR-018,2024-11-04
4ae219aec031,RET-01814,REVIEWED,USR-021,2024-02-08
601067657853,RET-01814,UPDATED,USR-011,2024-07-06
29d9926b26a1,RET-01814,REVIEWED,USR-015,2024-10-10
fa4fc1324528,RET-01935,APPROVED,USR-012,2024-01-24
285d737942fb,RET-01935,UPDATED,USR-012,2024-01-02
4ebf28b8b526,RET-00434,APPROVED,USR-010,2024-09-11
07394b7828df,RET-00434,FLAGGED,USR-013,2024-01-26
1bdc764b214d,RET-00101,CREATED,USR-017,2024-06-24
0abfd5535822,RET-00101,UPDATED,USR-014,2024-03-28
6696115f5ad9,RET-00101,APPROVED,USR-012,2024-08-28
b67a1e92cc50,RET-01655,REVIEWED,USR-010,2024-11-08
568697477878,RET-01655,APPROVED,USR-020,2024-01-30
0e2e8deeb65f,RET-01655,REVIEWED,USR-021,2024-09-21
4aa7382adacd,RET-00395,FLAGGED,USR-011,2024-05-03
990dc1bb23fa,RET-00395,APPROVED,USR-024,2024-07-18
ac4f1fefff82,RET-01939,CREATED,USR-022,2024-01-04
e0453e9956fe,RET-01939,CREATED,USR-011,2024-06-28
6632d4baa8a4,RET-00221,CREATED,USR-019,2024-10-21
85310da237b2,RET-01676,CREATED,USR-023,2024-08-25
19e6f06faf38,RET-01498,FLAGGED,USR-011,2024-02-14
55dd7eba9814,RET-01498,UPDATED,USR-023,2024-01-23
7f991edd6c2b,RET-01498,APPROVED,USR-012,2024-08-13
72adce3e533c,RET-01785,CREATED,USR-022,2024-01-23
8900de133bbe,RET-00345,CREATED,USR-010,2024-10-30
c200d5188519,RET-00345,CREATED,USR-024,2024-09-04
8a6bb323a079,RET-01028,APPROVED,USR-021,2024-10-20
897a6f879379,RET-01028,UPDATED,USR-022,2024-06-16
e5f5162a3fd5,RET-01028,APPROVED,USR-018,2024-11-26
bfe28fd19e36,RET-00889,APPROVED,USR-013,2024-07-30
db94af076681,RET-00889,APPROVED,USR-014,2024-07-30
ee1ccb4c74a2,RET-01351,FLAGGED,USR-023,2024-08-29
8b9b0ebf1502,RET-01351,APPROVED,USR-024,2024-02-15
11a118ec0d17,RET-00553,REVIEWED,USR-022,2024-08-30
7f8ab6ee18b0,RET-00744,CREATED,USR-010,2024-02-12
58cc634f51a0,RET-00744,UPDATED,USR-015,2024-05-12
e2cc1ce99ff4,RET-00744,FLAGGED,USR-013,2024-10-14
51ac0d432b98,RET-01542,REVIEWED,USR-013,2024-04-03
e528d48d4307,RET-01542,APPROVED,USR-022,2024-07-03
e1927a5e7c71,RET-01542,UPDATED,USR-016,2024-05-03
0b2ec1ed2567,RET-00539,REVIEWED,USR-018,2024-01-31
b3a0cc6f7e43,RET-00539,FLAGGED,USR-017,2024-08-10
5ea577397b40,RET-00539,UPDATED,USR-021,2024-04-09
2bfbfa119faf,RET-00907,APPROVED,USR-013,2024-06-02
40c000c43d1a,RET-00907,UPDATED,USR-015,2024-10-07
e1865a9f09c1,RET-01395,REVIEWED,USR-016,2024-07-14
6e02b3f309aa,RET-00116,REVIEWED,USR-010,2024-10-03
b43c806becbd,RET-00830,CREATED,USR-016,2024-08-15
d5a5fdfb46cf,RET-00830,REVIEWED,USR-015,2024-07-03
a13501fade94,RET-01938,UPDATED,USR-013,2024-07-05
56420d6e7e2f,RET-00809,CREATED,USR-019,2024-04-03
ce97cfd747e9,RET-00809,REVIEWED,USR-024,2024-01-18
e809be3f0ca5,RET-00809,FLAGGED,USR-020,2024-06-15
ae3963b713df,RET-01311,APPROVED,USR-011,2024-06-07
4781458e71bb,RET-01311,CREATED,USR-011,2024-04-29
dff444b61929,RET-01311,FLAGGED,USR-011,2024-08-24
d561215743fc,RET-01005,REVIEWED,USR-022,2024-12-17
976b81bdf8da,RET-01005,FLAGGED,USR-020,2024-05-31
b3ed7a32dae4,RET-01005,UPDATED,USR-012,2024-07-18
376829a0252b,RET-00675,APPROVED,USR-015,2024-01-13
fdf693a0b8ea,RET-00675,REVIEWED,USR-021,2024-04-29
5cfad3272861,RET-00675,CREATED,USR-024,2024-02-12
51e65150a1a9,RET-01101,FLAGGED,USR-024,2024-12-07
97a8a1efcead,RET-00480,CREATED,USR-010,2024-10-16
8e552dcb22a7,RET-00480,CREATED,USR-011,2024-03-21
f2ecc8817f67,RET-01424,UPDATED,USR-024,2024-02-26
0ff3e89d0fcf,RET-01424,APPROVED,USR-014,2024-06-26
435c02d0fd04,RET-01076,REVIEWED,USR-010,2024-11-20
2fc9a406653a,RET-01076,FLAGGED,USR-011,2024-08-12
bdb04c19d8da,RET-00571,UPDATED,USR-017,2024-12-26
d45fe0c2c346,RET-00571,REVIEWED,USR-021,2024-10-31
3430f65e9f17,RET-00619,CREATED,USR-024,2024-10-29
3fe8b309b962,RET-00619,CREATED,USR-010,2024-04-28
de3ad7f31d9e,RET-00619,REVIEWED,USR-020,2024-01-05
cce932351a86,RET-01898,CREATED,USR-013,2024-04-20
dddde6f9e402,RET-01898,CREATED,USR-010,2024-12-19
54b4a5ba8cd2,RET-01898,CREATED,USR-024,2024-05-22
82cc3765ed4a,RET-01266,APPROVED,USR-021,2024-08-07
40b2e515f766,RET-00079,REVIEWED,USR-020,2024-02-02
8315b922669d,RET-00079,UPDATED,USR-020,2024-11-10
6973e5f23734,RET-01912,UPDATED,USR-018,2024-11-11
1431dc12c8f4,RET-01912,UPDATED,USR-024,2024-07-02
5088303e924f,RET-00033,UPDATED,USR-010,2024-12-17
b3feb180803e,RET-00033,CREATED,USR-010,2024-07-04
c417b09f2b5a,RET-01538,APPROVED,USR-010,2024-09-06
f193d635f44c,RET-01538,APPROVED,USR-016,2024-11-25
6c2d4d4d7b47,RET-01034,FLAGGED,USR-021,2024-01-31
e4b257526c04,RET-01034,CREATED,USR-022,2024-08-12
1a0b47bd2f17,RET-01034,FLAGGED,USR-018,2024-12-22
c65350229f54,RET-01563,UPDATED,USR-020,2024-12-21
75cfd2568840,RET-01563,REVIEWED,USR-014,2024-04-09
b75ac8867e55,RET-00352,REVIEWED,USR-023,2024-12-23
42a084f872da,RET-00352,FLAGGED,USR-017,2024-04-25
c4590bca8a5f,RET-00352,UPDATED,USR-015,2024-08-22
bfa7966d001a,RET-00164,REVIEWED,USR-023,2024-01-05
8eeb3db6dca9,RET-00164,UPDATED,USR-016,2024-01-06
d8302beb0f27,RET-00204,FLAGGED,USR-012,2024-05-10
b5049db2da89,RET-00204,APPROVED,USR-014,2024-05-26
66cc344f66a3,RET-01054,UPDATED,USR-020,2024-10-25
f5b4571d75c4,RET-01365,UPDATED,USR-022,2024-12-25
65ca858bb955,RET-01365,CREATED,USR-011,2024-04-23
b3a525ab5c58,RET-01365,CREATED,USR-019,2024-01-08
7663bc9a3928,RET-01967,FLAGGED,USR-023,2024-11-25
62de93b8c9de,RET-00496,CREATED,USR-020,2024-01-24
4573e6b537cb,RET-00496,FLAGGED,USR-018,2024-10-03
87779f99b1a5,RET-00496,UPDATED,USR-024,2024-05-09
40c824d0cd86,RET-01625,FLAGGED,USR-013,2024-02-15
3a5abf5e96af,RET-01966,REVIEWED,USR-024,2024-11-11
bb1447f387f2,RET-01963,FLAGGED,USR-015,2024-06-20
60bf825b930f,RET-01963,APPROVED,USR-017,2024-10-15
186d8dcf0ec4,RET-01963,UPDATED,USR-011,2024-06-14
8874f26624db,RET-00611,FLAGGED,USR-014,2024-10-30
c182918f0425,RET-00433,UPDATED,USR-016,2024-07-21
94bfcfa3e2f2,RET-01492,UPDATED,USR-017,2024-04-01
44ebb032632a,RET-01492,UPDATED,USR-011,2024-07-08
becfa1819051,RET-01492,FLAGGED,USR-024,2024-05-10
d30d62d2aa48,RET-00219,CREATED,USR-024,2024-12-21
75d489a9bd5c,RET-01931,REVIEWED,USR-023,2024-02-28
b412d6c1a8b2,RET-01931,APPROVED,USR-010,2024-03-23
ef8fef077788,RET-01466,UPDATED,USR-011,2024-04-06
ad91bd2ee462,RET-00631,UPDATED,USR-011,2024-11-07
354ff5dff291,RET-00631,APPROVED,USR-022,2024-06-29
7eef1b56e154,RET-00631,FLAGGED,USR-021,2024-03-04
73c72bec4ff8,RET-01382,CREATED,USR-016,2024-12-17
7e11d9390e3f,RET-01302,UPDATED,USR-018,2024-02-27
a0d75e2130bc,RET-00060,CREATED,USR-021,2024-06-19
9d9d519edb99,RET-00060,APPROVED,USR-021,2024-10-28
30f338f66294,RET-00299,UPDATED,USR-021,2024-12-19
7864bd81da4e,RET-00299,APPROVED,USR-018,2024-12-19
60c98eb69d0d,RET-00809,REVIEWED,USR-024,2024-12-28
aef0a271c586,RET-00074,APPROVED,USR-023,2024-09-02
9b318d5e8932,RET-00163,FLAGGED,USR-019,2024-02-04
100c4fb3c44e,RET-01275,FLAGGED,USR-024,2024-09-17
1a9b92ead6b7,RET-01594,REVIEWED,USR-023,2024-09-17
641601aa4878,RET-01150,APPROVED,USR-012,2024-12-02
fcf555625d41,RET-01613,CREATED,USR-012,2024-09-01
895d393b25a5,RET-00592,APPROVED,USR-012,2024-04-19
119c07605cbb,RET-00592,UPDATED,USR-012,2024-11-16
e9919f84d9b7,RET-00592,CREATED,USR-014,2024-12-05
64c4be508df3,RET-00317,REVIEWED,USR-020,2024-05-22
2c3fbf45c61f,RET-00046,APPROVED,USR-021,2024-03-08
44b8792363b6,RET-01720,REVIEWED,USR-019,2024-02-03
24d8b094d1d8,RET-01832,CREATED,USR-020,2024-12-29
b615f52da178,RET-01832,CREATED,USR-012,2024-03-05
6c6f38f3508e,RET-01832,CREATED,USR-014,2024-01-19
c03d8fa3a725,RET-00428,UPDATED,USR-012,2024-12-22
9c9185ffc6c9,RET-00428,UPDATED,USR-021,2024-08-12
c5e09c6f548c,RET-00428,UPDATED,USR-010,2024-02-22
41aee5f8b88e,RET-00582,REVIEWED,USR-024,2024-09-14
154bd441e18e,RET-00077,UPDATED,USR-010,2024-07-27
a72acdf36e54,RET-01283,APPROVED,USR-013,2024-01-30
9e6beac63a66,RET-01283,REVIEWED,USR-016,2024-08-13
f26a4c1f1b48,RET-01283,APPROVED,USR-013,2024-10-26
d7804b151365,RET-01415,UPDATED,USR-019,2024-02-06
f9c05badedd9,RET-00781,CREATED,USR-017,2024-07-31
378c289d7de1,RET-01920,CREATED,USR-023,2024-07-12
3f47814eb02f,RET-01920,APPROVED,USR-013,2024-03-22
8902bd99dae9,RET-01174,APPROVED,USR-023,2024-01-15
0803150b1fbe,RET-01320,FLAGGED,USR-012,2024-02-04
837320aa1a4b,RET-01320,UPDATED,USR-011,2024-03-18
695e791cf4c3,RET-00938,CREATED,USR-015,2024-09-06
d511beee6da5,RET-00938,REVIEWED,USR-023,2024-07-26
f547fa1d24d6,RET-00031,CREATED,USR-016,2024-07-20
3ae2357df4d4,RET-00031,UPDATED,USR-011,2024-04-29
78eba7fffa8a,RET-01092,REVIEWED,USR-015,2024-09-19
1b22b8c728eb,RET-01092,REVIEWED,USR-022,2024-01-31
74f4b5eb2535,RET-01092,CREATED,USR-017,2024-05-10
2342bf3e1084,RET-01616,REVIEWED,USR-019,2024-07-19
31e7844d6744,RET-01616,APPROVED,USR-016,2024-04-06
eacc2bf10e7a,RET-01230,APPROVED,USR-016,2024-01-05
d4efeaf25259,RET-01230,UPDATED,USR-023,2024-03-26
611620b0b2ac,RET-00975,CREATED,USR-011,2024-07-16
fce45d548251,RET-01085,FLAGGED,USR-020,2024-03-16
547c9069a9b0,RET-01085,REVIEWED,USR-020,2024-03-11
8074c5ac4a08,RET-00515,UPDATED,USR-011,2024-12-22
4fd512734741,RET-00515,APPROVED,USR-020,2024-12-13
674d6abb3c1b,RET-00515,FLAGGED,USR-019,2024-01-21
2e922bd42471,RET-01551,APPROVED,USR-024,2024-11-12
093c216ac338,RET-01551,UPDATED,USR-021,2024-07-27
8c69d8a70a5d,RET-01551,CREATED,USR-020,2024-06-08
164e9b378856,RET-01568,REVIEWED,USR-013,2024-10-19
4efef85bd65e,RET-01568,UPDATED,USR-024,2024-04-12
8a684cd345a2,RET-01568,REVIEWED,USR-017,2024-03-09
011770dee2b5,RET-01811,REVIEWED,USR-018,2024-07-06
c1af293cebac,RET-00869,UPDATED,USR-023,2024-04-25
5503adfe93e5,RET-00045,CREATED,USR-021,2024-12-19
7e2542e9878a,RET-01687,FLAGGED,USR-010,2024-12-08
52802f700ed6,RET-01687,REVIEWED,USR-015,2024-07-10
955b1d41dc05,RET-00169,APPROVED,USR-020,2024-07-18
b46c6874df64,RET-00169,FLAGGED,USR-016,2024-05-17
48e6a7ef6e9b,RET-00304,REVIEWED,USR-021,2024-12-30
ebf5c492011b,RET-00304,UPDATED,USR-015,2024-11-21
4f21bd5395a8,RET-00304,APPROVED,USR-017,2024-05-02
88c711ad0540,RET-00991,APPROVED,USR-022,2024-07-20
1138c7f2ec73,RET-00991,CREATED,USR-016,2024-09-14
d22c19996fca,RET-00556,UPDATED,USR-015,2024-05-23
5fa2a33a14f9,RET-01925,CREATED,USR-019,2024-07-08
9783511c813b,RET-01925,APPROVED,USR-024,2024-06-19
a5e54f22471b,RET-00608,REVIEWED,USR-012,2024-09-17
e24a479dc071,RET-00608,REVIEWED,USR-022,2024-07-23
ea6858770302,RET-01619,REVIEWED,USR-023,2024-10-21
8e07ba7087af,RET-01619,UPDATED,USR-010,2024-08-16
ecc3553d87b8,RET-00758,REVIEWED,USR-022,2024-05-21
1d3d198e902a,RET-00758,REVIEWED,USR-012,2024-10-28
97bbacad8b7a,RET-00439,REVIEWED,USR-010,2024-03-03
00d0f49f0dad,RET-00439,APPROVED,USR-019,2024-12-07
5638f1b274f7,RET-00583,UPDATED,USR-016,2024-05-06
2aa2f52dc6a6,RET-01519,REVIEWED,USR-013,2024-06-03
aadac84379f6,RET-00528,FLAGGED,USR-013,2024-01-29
d2893ecb6668,RET-00528,UPDATED,USR-011,2024-12-02
2dbc5f66e502,RET-00528,CREATED,USR-018,2024-12-14
19c0025d46d8,RET-01825,FLAGGED,USR-018,2024-12-17
40147bfd6631,RET-01825,UPDATED,USR-024,2024-07-01
b38c9a0f9bad,RET-01825,APPROVED,USR-017,2024-03-02
1db5101556a0,RET-01737,UPDATED,USR-013,2024-10-12
99414fd9c8c8,RET-00368,UPDATED,USR-016,2024-12-02
861936d19483,RET-00368,REVIEWED,USR-014,2024-09-15
8d7282d1797b,RET-00186,FLAGGED,USR-010,2024-11-29
99825966033f,RET-00186,UPDATED,USR-023,2024-02-27
46c45259b988,RET-00186,CREATED,USR-021,2024-11-27
fe063b860d1c,RET-01483,UPDATED,USR-013,2024-07-29
2461894a51e4,RET-01483,UPDATED,USR-019,2024-08-15
e5fd045ad181,RET-01483,REVIEWED,USR-016,2024-08-08
b2a9c4a28883,RET-01755,CREATED,USR-014,2024-04-09
ed29c493367a,RET-01426,REVIEWED,USR-023,2024-11-26
c98b88acf992,RET-00301,CREATED,USR-010,2024-08-12
ed79b665376f,RET-01904,CREATED,USR-010,2024-06-15
b62599e01c17,RET-01904,FLAGGED,USR-023,2024-01-13
34e6b697e2dd,RET-00833,CREATED,USR-014,2024-04-01
473a2c4639a9,RET-00833,UPDATED,USR-011,2024-04-05
ebc117349d41,RET-00833,REVIEWED,USR-013,2024-08-05
a246361fc7e2,RET-00544,UPDATED,USR-022,2024-12-20
248c4835e96b,RET-00544,CREATED,USR-017,2024-07-22
8839e460ab4b,RET-00544,UPDATED,USR-011,2024-03-25
d23e31d21089,RET-01601,REVIEWED,USR-021,2024-07-12
8018004a694b,RET-00351,UPDATED,USR-024,2024-09-22
6aaf91dd3acc,RET-01933,UPDATED,USR-019,2024-01-14
111d51adc24b,RET-01933,UPDATED,USR-015,2024-11-19
983861cec9ff,RET-01933,APPROVED,USR-015,2024-03-06
4bde5be893a2,RET-01511,UPDATED,USR-012,2024-12-15
5dc6c3bc05b2,RET-01511,FLAGGED,USR-013,2024-03-27
2b5c28d1333c,RET-01511,APPROVED,USR-019,2024-12-24
bf45c33fbfaa,RET-00979,REVIEWED,USR-023,2024-03-30
853aba0d36ac,RET-00979,UPDATED,USR-022,2024-08-30
d91a81d7bfa3,RET-00979,UPDATED,USR-016,2024-06-30
1f08e0c419eb,RET-00176,CREATED,USR-017,2024-02-14
ea9b61ec2dfa,RET-00176,CREATED,USR-018,2024-07-22
c912d8c3b163,RET-00483,FLAGGED,USR-019,2024-01-24
8be680b41fa9,RET-00483,CREATED,USR-022,2024-09-11
a695e06a9e96,RET-01413,UPDATED,USR-016,2024-03-22
f6b92d282b75,RET-01413,FLAGGED,USR-011,2024-01-20
f421c1f274d6,RET-01413,REVIEWED,USR-020,2024-03-20
debc450e6ff1,RET-01611,APPROVED,USR-020,2024-04-23
30e0582fd7b2,RET-01611,UPDATED,USR-021,2024-10-13
036adc8ecad6,RET-01611,FLAGGED,USR-020,2024-02-15
7d844417ba08,RET-00124,REVIEWED,USR-018,2024-08-10
5399b63524e4,RET-00124,FLAGGED,USR-013,2024-05-12
97a67019a6d1,RET-00124,REVIEWED,USR-012,2024-06-15
21c5db9d509f,RET-00600,UPDATED,USR-021,2024-04-17
412def24bb93,RET-01795,APPROVED,USR-010,2024-03-13
95b5ab812689,RET-01746,REVIEWED,USR-014,2024-02-24
03687508530c,RET-01746,APPROVED,USR-012,2024-03-19
27caa8e3a662,RET-01746,UPDATED,USR-012,2024-12-06
33a6f9562290,RET-01379,FLAGGED,USR-012,2024-06-30
21b0a1b06814,RET-01379,REVIEWED,USR-013,2024-11-12
8ce2b0d685f6,RET-01379,FLAGGED,USR-013,2024-07-09
3b31d712c507,RET-01186,UPDATED,USR-011,2024-09-02
6f97a81726e3,RET-01186,CREATED,USR-014,2024-11-27
de753e682189,RET-01186,FLAGGED,USR-014,2024-07-22
d8d5cdfb7ecd,RET-00486,REVIEWED,USR-013,2024-04-30
d5e570bc8bce,RET-00332,APPROVED,USR-015,2024-06-05
59b0c4e4506d,RET-00332,CREATED,USR-013,2024-03-17
455ad601ccf4,RET-00332,CREATED,USR-018,2024-07-16
a836b10b5f79,RET-00789,APPROVED,USR-023,2024-12-05
e3f78d3007c9,RET-00789,FLAGGED,USR-011,2024-08-30
a5a74e8970be,RET-00195,CREATED,USR-015,2024-05-21
52c1af7ccdfa,RET-00195,CREATED,USR-022,2024-06-12
2522b1d8b8ef,RET-00638,REVIEWED,USR-011,2024-11-16
7d3ed9f5d64c,RET-00472,APPROVED,USR-022,2024-05-17
d4498a98b3ba,RET-00472,FLAGGED,USR-014,2024-12-10
84881e08bd5e,RET-01714,CREATED,USR-019,2024-10-18
b6f0692abec2,RET-00323,UPDATED,USR-019,2024-07-11
5def785ae40f,RET-00323,FLAGGED,USR-015,2024-06-13
898ef139a2e7,RET-00323,CREATED,USR-022,2024-04-04
08569389b51a,RET-01197,FLAGGED,USR-012,2024-01-10
e0130cdc7930,RET-00267,FLAGGED,USR-011,2024-01-08
40ed96ab0dae,RET-00267,CREATED,USR-012,2024-03-10
2b95482ae93c,RET-00267,UPDATED,USR-019,2024-06-06
c2e177aab07f,RET-01544,APPROVED,USR-016,2024-08-08
956ac79c9636,RET-01804,FLAGGED,USR-016,2024-09-29
be79c6dad2c6,RET-01804,APPROVED,USR-017,2024-01-19
95b72726e109,RET-00068,FLAGGED,USR-024,2024-02-07
d95bbd2e2eb7,RET-01738,APPROVED,USR-022,2024-04-28
06f6028cc4cd,RET-01738,FLAGGED,USR-020,2024-04-04
d80207a20ec8,RET-01593,APPROVED,USR-018,2024-08-23
8de1ff2a36b9,RET-01564,APPROVED,USR-016,2024-11-14
4032d9e9a575,RET-01564,UPDATED,USR-020,2024-06-29
5f55dc461d51,RET-01564,REVIEWED,USR-013,2024-12-16
e05b618c3e42,RET-00481,FLAGGED,USR-015,2024-11-04
9f86f8e490ed,RET-01757,APPROVED,USR-020,2024-04-06
d87f3beb8530,RET-01757,UPDATED,USR-013,2024-10-23
8325246f77a4,RET-01913,CREATED,USR-019,2024-03-15
34ad11066476,RET-01441,REVIEWED,USR-017,2024-06-29
3d0e2e253ac0,RET-01461,APPROVED,USR-020,2024-05-19
4db5a7b50beb,RET-01461,REVIEWED,USR-017,2024-08-21
4ac104ef0674,RET-00888,UPDATED,USR-016,2024-12-30
545842a58d4e,RET-00423,REVIEWED,USR-018,2024-08-25
0f061d12d29e,RET-00423,FLAGGED,USR-016,2024-12-06
09cb8c440f27,RET-00423,APPROVED,USR-017,2024-06-01
9ea4d4e95ca8,RET-01675,UPDATED,USR-016,2024-02-15
43e1cb500185,RET-01675,CREATED,USR-014,2024-06-26
3b2fe0c797d9,RET-01450,UPDATED,USR-015,2024-01-17
0b6ce57757b1,RET-01450,FLAGGED,USR-013,2024-06-10
f4c347cdc78f,RET-00765,REVIEWED,USR-019,2024-10-28
d36f47022e2a,RET-00520,FLAGGED,USR-017,2024-11-11
e8afebad9f9e,RET-00520,APPROVED,USR-020,2024-02-10
19ae5eac07e5,RET-01432,FLAGGED,USR-013,2024-03-11
b5a50a40296c,RET-01432,REVIEWED,USR-019,2024-06-13
f0c7fefe8acc,RET-00614,REVIEWED,USR-011,2024-01-05
c367da5bb617,RET-00614,FLAGGED,USR-016,2024-03-23
e1c8f1578f71,RET-01531,UPDATED,USR-011,2024-04-15
76c3597f835d,RET-01531,APPROVED,USR-019,2024-06-09
d5648c8187e6,RET-01531,REVIEWED,USR-019,2024-10-13
4d568d7e7775,RET-01783,FLAGGED,USR-020,2024-06-27
82951954e85f,RET-01783,REVIEWED,USR-022,2024-08-10
df6cd4a9188a,RET-01045,REVIEWED,USR-021,2024-05-29
7186dcd7192f,RET-01045,REVIEWED,USR-019,2024-05-11
ae52b2f8a471,RET-00454,APPROVED,USR-019,2024-07-21
39a648c89d3f,RET-00731,REVIEWED,USR-014,2024-11-07
7ac80f1b216f,RET-00535,APPROVED,USR-024,2024-08-18
04d578532478,RET-00535,REVIEWED,USR-010,2024-05-18
c4fee63ed8ab,RET-00535,APPROVED,USR-012,2024-09-26
583cb6dc827d,RET-00966,REVIEWED,USR-018,2024-04-24
c7d4002f4a1c,RET-01285,FLAGGED,USR-021,2024-03-06
807a00d93ca0,RET-01285,APPROVED,USR-020,2024-04-21
6596b8914cda,RET-01740,REVIEWED,USR-011,2024-10-25
47254604f4aa,RET-01740,CREATED,USR-024,2024-05-07
0b3420c960cd,RET-01740,CREATED,USR-021,2024-10-19
eb9a94d7487f,RET-00262,CREATED,USR-017,2024-02-28
7b1d7f44ee5c,RET-00536,APPROVED,USR-015,2024-06-03
d8363b5f81ac,RET-00536,FLAGGED,USR-015,2024-04-08
70368940f470,RET-00969,UPDATED,USR-023,2024-08-29
47d403f63c20,RET-00969,CREATED,USR-010,2024-03-05
389f3ac0bd9d,RET-00241,REVIEWED,USR-016,2024-05-22
0f5cb98be740,RET-00241,APPROVED,USR-013,2024-02-02
ca5aa7246d2a,RET-00820,UPDATED,USR-024,2024-01-28
794504880123,RET-00820,CREATED,USR-013,2024-07-01
51ecf46cb4b5,RET-00820,FLAGGED,USR-023,2024-08-24
12195914c06b,RET-00693,FLAGGED,USR-013,2024-09-27
d1227284fcaf,RET-00693,FLAGGED,USR-010,2024-06-18
6b11641a2da2,RET-00421,CREATED,USR-024,2024-08-08
ea4d4a102592,RET-00421,CREATED,USR-014,2024-10-20
868c9457e03f,RET-00421,REVIEWED,USR-013,2024-12-27
884bb9142dea,RET-01086,FLAGGED,USR-013,2024-12-22
34a0abcec577,RET-01086,APPROVED,USR-018,2024-02-13
5b58015edf7d,RET-01999,REVIEWED,USR-024,2024-01-25
ba8f282d3b38,RET-01999,FLAGGED,USR-012,2024-04-03
ba6bea734d55,RET-00366,UPDATED,USR-013,2024-03-10
27fb4640a97d,RET-00366,UPDATED,USR-014,2024-06-07
78dbc9855d4f,RET-00366,CREATED,USR-010,2024-07-27
455dc9ec7e29,RET-01316,APPROVED,USR-016,2024-04-28
0dc1e23a341d,RET-01316,FLAGGED,USR-022,2024-09-15
913e1003a5dc,RET-01241,REVIEWED,USR-021,2024-01-15
0cb1bdbd77b4,RET-01241,APPROVED,USR-023,2024-12-28
fa14d9f1fa37,RET-01241,APPROVED,USR-010,2024-05-23
85b09d648837,RET-00589,FLAGGED,USR-017,2024-11-30
3f5e2bb90d93,RET-00737,UPDATED,USR-010,2024-02-02
dcbf1e5eb78c,RET-00737,REVIEWED,USR-010,2024-06-03
0f2cf88fe636,RET-01762,REVIEWED,USR-010,2024-04-26
8bb146d2392d,RET-00942,APPROVED,USR-014,2024-03-23
6078179c7e93,RET-00072,FLAGGED,USR-022,2024-07-19
106669652819,RET-00072,UPDATED,USR-013,2024-06-21
910aec2c099e,RET-01408,UPDATED,USR-019,2024-03-09
3de1ca0cbdbc,RET-00260,UPDATED,USR-015,2024-01-05
f83bb0808fa9,RET-00052,UPDATED,USR-013,2024-10-20
eb7a2fb83fc6,RET-00052,UPDATED,USR-013,2024-01-06
86aac1b7e55b,RET-00199,CREATED,USR-021,2024-07-28
ff0058a253bf,RET-00199,FLAGGED,USR-022,2024-12-20
d4654941b74d,RET-01789,CREATED,USR-017,2024-07-05
622b02a02982,RET-01789,FLAGGED,USR-019,2024-08-06
9a02612b79d9,RET-00651,REVIEWED,USR-013,2024-06-26
5b17baf0cd62,RET-00651,REVIEWED,USR-013,2024-01-30
e7cf450b4848,RET-00651,UPDATED,USR-024,2024-01-29
1b9366204317,RET-00333,REVIEWED,USR-023,2024-10-24
6e0531792cce,RET-01360,UPDATED,USR-014,2024-03-28
d19bda52abd0,RET-01360,APPROVED,USR-014,2024-03-08
76004b70dd03,RET-00594,APPROVED,USR-022,2024-02-04
973e066b409d,RET-00594,UPDATED,USR-012,2024-01-09
c713a7f84bcc,RET-01392,REVIEWED,USR-010,2024-03-08
f4896ed4c988,RET-01392,FLAGGED,USR-024,2024-08-12
58c655395975,RET-01392,APPROVED,USR-017,2024-05-12
c4ff95769a96,RET-01801,FLAGGED,USR-020,2024-02-22
a5d3c555a754,RET-01801,REVIEWED,USR-023,2024-11-21
3c93135a8148,RET-01801,APPROVED,USR-022,2024-05-13
f1c4cda8c8ae,RET-01315,CREATED,USR-016,2024-04-03
c4be36915e8c,RET-01315,UPDATED,USR-018,2024-07-03
48797d96c003,RET-01315,FLAGGED,USR-020,2024-08-13
2dc47f15e69e,RET-01112,CREATED,USR-012,2024-06-22
5d4280764bb5,RET-01007,APPROVED,USR-022,2024-06-11
50fbfe0ad569,RET-01327,APPROVED,USR-014,2024-06-24
beb5691df82b,RET-01327,APPROVED,USR-021,2024-12-30
2e1d25dbb407,RET-01327,FLAGGED,USR-013,2024-03-16
ef2ed99b83c0,RET-00427,CREATED,USR-022,2024-04-06
5d88aa1fe456,RET-00427,CREATED,USR-011,2024-04-05
27b76ab1fff1,RET-00427,FLAGGED,USR-018,2024-01-25
170d6426ec0b,RET-01559,APPROVED,USR-016,2024-04-30
03eeb9744e75,RET-01294,CREATED,USR-017,2024-11-10
c4e35c496cb5,RET-01294,FLAGGED,USR-014,2024-01-26
978a2defcda2,RET-01294,UPDATED,USR-019,2024-12-21
a66ba0897509,RET-00591,APPROVED,USR-019,2024-06-29
3f27376985e1,RET-01958,APPROVED,USR-015,2024-12-21
e3c0ce238831,RET-01958,UPDATED,USR-012,2024-02-26
3d672033f902,RET-01977,REVIEWED,USR-013,2024-09-09
89070ea8e08d,RET-01133,UPDATED,USR-010,2024-10-12
e2ed5830cd0a,RET-00986,CREATED,USR-016,2024-05-28
16c5cbcbf7c5,RET-00986,REVIEWED,USR-020,2024-03-31
184392e857c7,RET-00399,FLAGGED,USR-023,2024-10-29
b57f83453ace,RET-00399,CREATED,USR-021,2024-04-08
dc054a8154d9,RET-01512,REVIEWED,USR-014,2024-04-10
3a4ab1df6020,RET-01512,CREATED,USR-014,2024-06-03
82aad10519ad,RET-01512,FLAGGED,USR-018,2024-09-14
b05acfc6f4f2,RET-00437,CREATED,USR-014,2024-10-24
4f9a5ef80bc7,RET-00437,UPDATED,USR-010,2024-08-25
c8f5320d731c,RET-00437,FLAGGED,USR-022,2024-07-10
1a6d8cb71004,RET-00193,APPROVED,USR-022,2024-12-16
57feb3236619,RET-00193,FLAGGED,USR-017,2024-06-09
425f8faf9c1f,RET-00193,UPDATED,USR-016,2024-05-11
0258d6dc9a8b,RET-01419,UPDATED,USR-024,2024-11-20
8af5df243eb2,RET-01419,FLAGGED,USR-013,2024-11-02
77d4170577d2,RET-00615,FLAGGED,USR-017,2024-04-04
a5a32d7cc7cf,RET-00615,UPDATED,USR-024,2024-06-12
38af7467d29e,RET-01494,FLAGGED,USR-011,2024-10-17
1f1a0f5943cf,RET-01494,CREATED,USR-012,2024-07-23
c31da8ef5bc6,RET-00577,REVIEWED,USR-019,2024-03-09
bda90ba3d97e,RET-00577,REVIEWED,USR-011,2024-03-21
bdfdfeaff328,RET-00577,FLAGGED,USR-013,2024-02-06
7844885d2139,RET-00987,REVIEWED,USR-022,2024-03-18
5fdc87a5ea05,RET-01433,UPDATED,USR-016,2024-12-24
efc1f69dad14,RET-01433,UPDATED,USR-020,2024-05-05
d9269e8f2927,RET-01433,APPROVED,USR-021,2024-07-28
d7a57abad9e7,RET-00707,UPDATED,USR-010,2024-12-06
788a3e71da8d,RET-00707,REVIEWED,USR-020,2024-08-08
9b157b989867,RET-01259,APPROVED,USR-015,2024-11-15
7035cf4aee3c,RET-01259,CREATED,USR-013,2024-02-19
b2f686851c36,RET-00057,CREATED,USR-010,2024-10-02
bb775c107076,RET-00057,UPDATED,USR-021,2024-05-19
e6531e97a40d,RET-00057,CREATED,USR-012,2024-03-21
47c1f83c353f,RET-01358,UPDATED,USR-022,2024-02-18
069240c84b6c,RET-00003,APPROVED,USR-020,2024-07-09
6423b4a87fe6,RET-01222,UPDATED,USR-023,2024-12-30
6de0a092bbfd,RET-01870,FLAGGED,USR-016,2024-10-05
3cc07fa465e2,RET-01870,CREATED,USR-022,2024-06-01
37a102f2b6ee,RET-01623,REVIEWED,USR-018,2024-02-26
51962971b574,RET-01623,REVIEWED,USR-014,2024-10-02
5b6caee6feb0,RET-01623,CREATED,USR-010,2024-03-09
0cc10f4681d8,RET-00340,APPROVED,USR-024,2024-03-31
98554ee6e71d,RET-00340,APPROVED,USR-017,2024-09-11
52fcd155430c,RET-01770,FLAGGED,USR-020,2024-06-09
a6c469d8ef8d,RET-01537,FLAGGED,USR-021,2024-05-24
fd703ea8a113,RET-01537,CREATED,USR-019,2024-06-08
e10b85949cbf,RET-00484,UPDATED,USR-011,2024-03-07
53d02d366cf4,RET-00484,FLAGGED,USR-022,2024-11-08
f2ddf6bb3196,RET-00266,UPDATED,USR-010,2024-04-01
1e577e99a8f6,RET-00377,REVIEWED,USR-012,2024-12-19
d624c1bb5aac,RET-00377,UPDATED,USR-022,2024-11-09
f398e348f72d,RET-00742,APPROVED,USR-024,2024-05-24
cbe47e38c3d3,RET-01014,CREATED,USR-017,2024-12-24
12071cbbe3c1,RET-01014,FLAGGED,USR-019,2024-11-10
eedb6e78dea9,RET-01014,APPROVED,USR-014,2024-11-08
8a850bf63826,RET-00440,UPDATED,USR-018,2024-12-19
b70a2176e04c,RET-00440,APPROVED,USR-010,2024-12-23
949d32e76f85,RET-00440,FLAGGED,USR-016,2024-01-30
010489ad83e2,RET-00272,UPDATED,USR-021,2024-01-11
72668918b33f,RET-00272,REVIEWED,USR-024,2024-01-02
1f89d798685a,RET-00185,UPDATED,USR-018,2024-03-23
03c2081b8560,RET-00940,CREATED,USR-015,2024-04-06
2c0cb182a697,RET-00940,UPDATED,USR-014,2024-11-19
a229d7595180,RET-00245,APPROVED,USR-021,2024-09-28
33a4c334d257,RET-00932,UPDATED,USR-024,2024-06-30
a8dde9815272,RET-00446,APPROVED,USR-022,2024-11-11
a5511a0f90a7,RET-00446,FLAGGED,USR-016,2024-11-09
d0b0cc9b4447,RET-00597,FLAGGED,USR-022,2024-12-23
ef44ebb8bdec,RET-00597,UPDATED,USR-012,2024-08-11
16abecd82a7c,RET-00597,UPDATED,USR-024,2024-10-11
fbf33e2c732f,RET-00818,UPDATED,USR-013,2024-11-08
6669e8f14c11,RET-00818,CREATED,USR-018,2024-09-04
b645079d9357,RET-00818,APPROVED,USR-024,2024-06-21
7b5ca4517944,RET-01273,CREATED,USR-013,2024-03-31
3bc2b23e8b3d,RET-01273,CREATED,USR-010,2024-08-10
34e7e116a2e9,RET-01677,APPROVED,USR-022,2024-04-07
fb3137001d92,RET-00487,APPROVED,USR-012,2024-04-12
a12ac62b090e,RET-00681,APPROVED,USR-021,2024-12-10
9277d3f072e8,RET-00416,FLAGGED,USR-021,2024-06-27
410b43cc410b,RET-00274,REVIEWED,USR-021,2024-02-02
77c4d31e4098,RET-00274,FLAGGED,USR-017,2024-12-24
d962464e48f8,RET-00274,CREATED,USR-016,2024-07-16
8765e142a85e,RET-01472,UPDATED,USR-010,2024-07-08
276d5f5ec775,RET-01472,APPROVED,USR-018,2024-11-21
3bcdc0b8fcd1,RET-01472,REVIEWED,USR-013,2024-02-21
58035b5d19d7,RET-01830,APPROVED,USR-017,2024-11-14
fb4fef8b8f57,RET-01455,APPROVED,USR-021,2024-02-29
df49dec5fb8d,RET-01455,APPROVED,USR-016,2024-02-26
5c2e6eef92c9,RET-01927,APPROVED,USR-021,2024-09-30
28bb80a26510,RET-01927,FLAGGED,USR-012,2024-06-02
2554e0d8357b,RET-01927,UPDATED,USR-021,2024-12-11
4a412d0a3a02,RET-00414,FLAGGED,USR-018,2024-07-11
f430de693226,RET-00414,APPROVED,USR-023,2024-07-15
b32badedec92,RET-01386,UPDATED,USR-015,2024-10-21
bf8885e03d03,RET-01386,APPROVED,USR-018,2024-08-17
42cd880d54e0,RET-01308,UPDATED,USR-015,2024-10-16
5a29af09e6eb,RET-01308,REVIEWED,USR-020,2024-06-15
7ecf87509fdc,RET-01308,CREATED,USR-022,2024-08-10
3dc74c9d2885,RET-00716,APPROVED,USR-023,2024-06-01
aaf40a2500a4,RET-00716,REVIEWED,USR-020,2024-11-07
c4c19d4832ee,RET-00311,FLAGGED,USR-016,2024-03-14
5213b31ad9ce,RET-00311,REVIEWED,USR-011,2024-10-29
bec74ba8a192,RET-00927,FLAGGED,USR-010,2024-10-20
4687b724f7a0,RET-00927,APPROVED,USR-017,2024-10-14
7cb59e19dc76,RET-00382,REVIEWED,USR-018,2024-12-17
b6cb5a4c6119,RET-00382,APPROVED,USR-014,2024-06-29
d43b868ba3c3,RET-01566,APPROVED,USR-013,2024-05-21
9fedcd656bc9,RET-01566,REVIEWED,USR-011,2024-11-07
8c6ac98b72a4,RET-00426,FLAGGED,USR-018,2024-08-24
1d911464ce88,RET-00426,FLAGGED,USR-021,2024-11-18
93145671a6b3,RET-01875,CREATED,USR-016,2024-10-01
a141534690b4,RET-01875,APPROVED,USR-010,2024-05-29
bd386dd1066d,RET-01875,CREATED,USR-022,2024-05-15
742e3d538a19,RET-00533,APPROVED,USR-022,2024-03-26
2141c56898c7,RET-00533,REVIEWED,USR-012,2024-07-20
3325976b1cfc,RET-00533,CREATED,USR-012,2024-03-01
a129082e3c8b,RET-00753,CREATED,USR-016,2024-03-12
1a709144dce2,RET-00753,APPROVED,USR-024,2024-07-23
ea8b7b2624fc,RET-00766,UPDATED,USR-014,2024-01-10
3477b7a6903f,RET-01357,CREATED,USR-022,2024-05-09
26ac0b1d1592,RET-01357,APPROVED,USR-019,2024-04-23
0a6a33f776da,RET-01357,CREATED,USR-015,2024-10-11
1bcafe833b17,RET-00409,APPROVED,USR-018,2024-06-05
3323338e990b,RET-00409,FLAGGED,USR-014,2024-05-01
8962c56a3c90,RET-01615,FLAGGED,USR-023,2024-02-24
beb67606e664,RET-01615,FLAGGED,USR-022,2024-05-01
a53660afe758,RET-01615,CREATED,USR-010,2024-07-08
1b5d5f16f556,RET-00695,FLAGGED,USR-022,2024-01-24
